Phase,Security Domain,Task,Priority,Owner,Status,Due Date,Dependencies,Success Criteria,Notes
Phase 1,Identity & Access Management,Deploy cloud identity provider (Okta/Azure AD),Critical,IT Team,Not Started,Month 1,"User directory, application inventory","SSO enabled for all applications, MFA configured",
Phase 1,Identity & Access Management,Implement multi-factor authentication,Critical,IT Team,Not Started,Month 1,Identity provider deployment,"MFA enabled for all users, admin accounts secured",
Phase 1,Identity & Access Management,Configure role-based access controls,High,Security Team,Not Started,Month 2,"Identity provider, role definitions","Access rights aligned with job functions, regular reviews scheduled",
Phase 1,Endpoint Protection,Deploy next-generation antivirus,Critical,IT Team,Not Started,Month 1,Endpoint inventory,"All devices protected, real-time monitoring enabled",
Phase 1,Endpoint Protection,Configure endpoint detection and response,High,Security Team,Not Started,Month 2,Antivirus deployment,"Advanced threat detection enabled, automated response configured",
Phase 1,Endpoint Protection,Implement mobile device management,Medium,IT Team,Not Started,Month 3,Device policies,"Mobile devices managed, compliance policies enforced",
Phase 1,Email Security,Deploy advanced email protection,Critical,IT Team,Not Started,Month 1,Email platform assessment,"Phishing protection enabled, malicious attachments blocked",
Phase 1,Email Security,Configure safe links and attachments,High,Security Team,Not Started,Month 1,Email protection deployment,"URL scanning enabled, attachment sandboxing configured",
Phase 1,Email Security,Implement email encryption,Medium,IT Team,Not Started,Month 2,Email protection platform,"Sensitive emails encrypted, policy-based encryption enabled",
Phase 2,Vulnerability Management,Deploy vulnerability scanning platform,High,Security Team,Not Started,Month 4,Asset inventory,"All systems scanned, vulnerabilities identified and prioritized",
Phase 2,Vulnerability Management,Implement patch management system,High,IT Team,Not Started,Month 4,Vulnerability scanning,"Automated patching enabled, testing procedures established",
Phase 2,Vulnerability Management,Establish vulnerability remediation process,Medium,Security Team,Not Started,Month 5,"Scanning platform, patch management","SLA-based remediation, tracking and reporting implemented",
Phase 2,SIEM & Monitoring,Deploy SIEM platform,High,Security Team,Not Started,Month 4,Log source identification,"Centralized logging enabled, correlation rules configured",
Phase 2,SIEM & Monitoring,Configure security event correlation,High,Security Team,Not Started,Month 5,SIEM deployment,"Custom correlation rules, automated alerting configured",
Phase 2,SIEM & Monitoring,Implement security dashboards,Medium,Security Team,Not Started,Month 6,SIEM configuration,"Executive dashboards, operational metrics displayed",
Phase 2,Data Protection,Implement data classification system,High,Security Team,Not Started,Month 4,Data inventory,"Sensitive data identified, classification labels applied",
Phase 2,Data Protection,Deploy data loss prevention,High,Security Team,Not Started,Month 5,Data classification,"DLP policies configured, data exfiltration prevented",
Phase 2,Data Protection,Configure encryption at rest and in transit,Critical,IT Team,Not Started,Month 5,Encryption key management,"All sensitive data encrypted, key management implemented",
Phase 2,Backup & Recovery,Implement comprehensive backup strategy,Critical,IT Team,Not Started,Month 4,Data classification,"Automated backups configured, recovery procedures tested",
Phase 2,Backup & Recovery,Configure disaster recovery procedures,High,IT Team,Not Started,Month 6,Backup implementation,"DR plan documented, recovery testing scheduled",
Phase 2,Backup & Recovery,Test backup and recovery processes,Medium,IT Team,Not Started,Month 7,DR procedures,"Recovery procedures validated, RTO/RPO objectives met",
Phase 3,Advanced Threat Detection,Deploy behavioral analytics platform,High,Security Team,Not Started,Month 9,SIEM platform,"User behavior baselines established, anomaly detection enabled",
Phase 3,Advanced Threat Detection,Implement threat intelligence feeds,Medium,Security Team,Not Started,Month 9,Threat detection platform,"Threat intelligence integrated, IOCs automatically updated",
Phase 3,Advanced Threat Detection,Configure automated threat hunting,Medium,Security Team,Not Started,Month 10,"Behavioral analytics, threat intelligence","Proactive threat hunting enabled, automated investigation workflows",
Phase 3,Security Operations,Establish security operations center,High,Security Team,Not Started,Month 9,SIEM and monitoring tools,"24/7 monitoring capability, incident response procedures",
Phase 3,Security Operations,Implement security orchestration,Medium,Security Team,Not Started,Month 10,SOC establishment,"Automated response workflows, incident escalation procedures",
Phase 3,Security Operations,Deploy threat hunting capabilities,Medium,Security Team,Not Started,Month 11,Security orchestration,"Proactive threat hunting, advanced analytics enabled",
Phase 3,Incident Response,Develop incident response plan,High,Security Team,Not Started,Month 9,SOC procedures,"Comprehensive IR plan, roles and responsibilities defined",
Phase 3,Incident Response,Implement forensics capabilities,Medium,Security Team,Not Started,Month 10,IR plan development,"Digital forensics tools deployed, investigation procedures established",
Phase 3,Incident Response,Conduct incident response exercises,Medium,Security Team,Not Started,Month 11,Forensics implementation,"Tabletop exercises completed, response procedures validated",
Phase 3,Compliance & Governance,Implement GRC platform,Medium,Compliance Team,Not Started,Month 9,Policy framework,"Risk assessments automated, compliance monitoring enabled",
Phase 3,Compliance & Governance,Establish security metrics program,Medium,Security Team,Not Started,Month 10,GRC platform,"Security KPIs defined, executive reporting implemented",
Phase 3,Compliance & Governance,Conduct security program assessment,Low,Security Team,Not Started,Month 12,Metrics program,"Security posture evaluated, improvement roadmap developed",
Ongoing,Security Awareness,Develop security training program,Medium,HR/Security Team,Not Started,Month 2,Employee onboarding,"Comprehensive training curriculum, delivery methods established",
Ongoing,Security Awareness,Implement phishing simulation,Medium,Security Team,Not Started,Month 3,Training program,"Regular phishing tests, user education and feedback",
Ongoing,Security Awareness,Establish security culture metrics,Low,Security Team,Not Started,Month 6,Training and simulation,"Security culture assessment, behavior change tracking",
Ongoing,Third-Party Risk,Develop vendor assessment program,Medium,Procurement/Security,Not Started,Month 4,Vendor inventory,"Risk assessment framework, vendor security requirements",
Ongoing,Third-Party Risk,Implement continuous vendor monitoring,Low,Security Team,Not Started,Month 8,Assessment program,"Automated vendor risk monitoring, performance tracking",
Ongoing,Application Security,Integrate security into SDLC,High,Development Team,Not Started,Month 6,Development processes,"Secure coding practices, security testing automation",
Ongoing,Application Security,Deploy SAST/DAST tools,Medium,Development Team,Not Started,Month 7,SDLC integration,"Automated security testing, vulnerability remediation workflows",
Ongoing,Security Testing,Establish penetration testing program,Medium,Security Team,Not Started,Month 8,Security controls implementation,"Regular penetration tests, vulnerability validation",
Ongoing,Security Testing,Implement continuous security assessment,Low,Security Team,Not Started,Month 10,Penetration testing program,"Automated security testing, continuous improvement process"

