Security Domain,Control Category,Essential (Level 1),Developing (Level 2),Mature (Level 3),Assessment Questions,Implementation Priority,Estimated Cost,Timeline (Months)
Asset Management,Hardware Inventory,Basic device inventory with manual tracking,Automated discovery tools with regular scanning,Real-time asset monitoring with CMDB integration,"Do you maintain an inventory of all hardware assets? How often is it updated? Are unauthorized devices detected automatically?",High,$5000-15000,1-2
Asset Management,Software Inventory,Manual software tracking for critical systems,Automated software discovery and license management,Comprehensive software composition analysis with vulnerability tracking,"Do you track all installed software? Are software licenses managed? Do you monitor for unauthorized software?",High,$10000-25000,1-3
Data Protection,Data Classification,Basic data categories (Public/Internal/Confidential),Automated data discovery and classification,AI-driven data classification with policy enforcement,"Is sensitive data identified and classified? Are handling procedures defined? Is data loss prevention implemented?",Critical,$15000-40000,2-4
Data Protection,Encryption,Encryption for data at rest and in transit,Advanced encryption with key management,End-to-end encryption with hardware security modules,"Is sensitive data encrypted? Are encryption keys properly managed? Is encryption applied consistently?",Critical,$20000-50000,2-6
Secure Configuration,Baseline Hardening,Standard hardening guides applied manually,Automated configuration management tools,Continuous compliance monitoring with drift detection,"Are systems hardened according to security baselines? Is configuration management automated? Are deviations detected?",High,$10000-30000,2-4
Secure Configuration,Change Management,Basic change approval process,Integrated change management with testing,Automated change validation and rollback capabilities,"Is there a formal change management process? Are changes tested before deployment? Can changes be rolled back?",Medium,$5000-20000,1-3
Identity & Access Management,User Authentication,Multi-factor authentication for admin accounts,MFA for all users with risk-based authentication,Adaptive authentication with behavioral analytics,"Is multi-factor authentication implemented? Are access rights regularly reviewed? Is privileged access monitored?",Critical,$15000-35000,1-3
Identity & Access Management,Access Controls,Role-based access control implementation,Attribute-based access control with automation,Zero-trust access model with continuous verification,"Are access rights based on job roles? Is least privilege enforced? Are access reviews conducted regularly?",Critical,$20000-60000,2-6
Vulnerability Management,Scanning & Assessment,Monthly vulnerability scans of critical systems,Weekly automated scans with risk prioritization,Continuous vulnerability assessment with threat intelligence,"Are vulnerability scans performed regularly? Are vulnerabilities prioritized by risk? Is remediation tracked?",High,$15000-40000,1-4
Vulnerability Management,Patch Management,Critical patches applied within 30 days,Automated patch testing and deployment,Predictive patching with minimal downtime,"Are security patches applied promptly? Is patch testing performed? Are patch deployment processes automated?",High,$10000-25000,2-4
Monitoring & Logging,Log Collection,Centralized logging for security events,Comprehensive log management with retention,Real-time log analysis with machine learning,"Are security logs collected centrally? Is log retention policy defined? Are logs analyzed for threats?",High,$20000-50000,2-6
Monitoring & Logging,SIEM Implementation,Basic SIEM with standard rules,Advanced SIEM with custom correlation rules,AI-powered SIEM with behavioral analytics,"Is a SIEM solution implemented? Are security events correlated? Are alerts properly prioritized?",High,$30000-100000,3-8
Email & Web Security,Email Protection,Basic spam and malware filtering,Advanced threat protection with sandboxing,AI-powered email security with user behavior analysis,"Is email protected against phishing and malware? Are suspicious attachments analyzed? Is user training provided?",High,$10000-30000,1-3
Email & Web Security,Web Filtering,Basic web filtering and malware protection,Advanced web security with SSL inspection,Cloud-based web security with zero-trust access,"Is web traffic filtered for malicious content? Are risky websites blocked? Is SSL traffic inspected?",Medium,$15000-40000,2-4
Malware Defense,Endpoint Protection,Traditional antivirus with regular updates,Next-generation antivirus with behavioral detection,AI-powered endpoint detection and response,"Is endpoint protection deployed on all devices? Are threats detected in real-time? Is response automated?",Critical,$15000-45000,1-3
Malware Defense,Advanced Threat Detection,Signature-based malware detection,Behavioral analysis and sandboxing,Machine learning-based threat hunting,"Are advanced threats detected? Is malware analysis performed? Are threat indicators shared?",High,$25000-75000,3-6
Data Recovery,Backup Strategy,Regular backups with offsite storage,Automated backup with testing and monitoring,Continuous data protection with instant recovery,"Are backups performed regularly? Are backups tested for recovery? Is backup integrity verified?",Critical,$10000-30000,1-3
Data Recovery,Business Continuity,Basic disaster recovery plan,Comprehensive business continuity planning,Automated failover with minimal downtime,"Is there a disaster recovery plan? Are recovery procedures tested? Are recovery time objectives met?",High,$20000-60000,3-8
Network Security,Firewall Management,Basic firewall with standard rules,Next-generation firewall with application control,AI-powered network security with micro-segmentation,"Are network boundaries protected? Are firewall rules regularly reviewed? Is network traffic monitored?",High,$15000-50000,2-4
Network Security,Network Monitoring,Basic network monitoring and alerting,Advanced network analytics with threat detection,AI-powered network behavior analysis,"Is network traffic monitored? Are anomalies detected? Is network segmentation implemented?",Medium,$20000-60000,3-6
Security Awareness,Training Program,Annual security awareness training,Regular training with phishing simulations,Personalized training with behavioral metrics,"Is security training provided to all employees? Are phishing simulations conducted? Is training effectiveness measured?",Medium,$5000-15000,1-2
Security Awareness,Culture Development,Basic security policies and procedures,Security champion program with metrics,Security-first culture with continuous reinforcement,"Are security policies communicated? Are security behaviors rewarded? Is security culture measured?",Medium,$10000-25000,3-12
Third-Party Risk,Vendor Assessment,Basic security questionnaires for vendors,Comprehensive vendor risk assessments,Continuous third-party risk monitoring,"Are vendor security practices assessed? Are contracts reviewed for security requirements? Is vendor performance monitored?",Medium,$15000-40000,2-6
Third-Party Risk,Supply Chain Security,Basic vendor security requirements,Supply chain risk assessment and monitoring,Comprehensive supply chain security program,"Is supply chain security addressed? Are vendor dependencies mapped? Are supply chain risks monitored?",Medium,$20000-50000,4-8
Application Security,Secure Development,Basic secure coding guidelines,Integrated security testing in CI/CD,DevSecOps with automated security validation,"Are applications developed securely? Is security testing automated? Are vulnerabilities remediated promptly?",High,$25000-75000,3-8
Application Security,Code Review,Manual code reviews for security issues,Automated static and dynamic analysis,AI-powered code analysis with real-time feedback,"Are code reviews performed for security? Are security testing tools integrated? Is security feedback provided to developers?",High,$20000-60000,2-6
Incident Response,Response Planning,Basic incident response procedures,Comprehensive incident response plan with testing,Automated incident response with orchestration,"Is there an incident response plan? Are response procedures tested? Is incident response automated?",High,$15000-40000,2-4
Incident Response,Forensics Capability,Basic incident investigation procedures,Digital forensics tools and trained personnel,Advanced forensics with threat intelligence integration,"Can security incidents be investigated? Are forensics tools available? Is evidence properly preserved?",Medium,$25000-75000,4-8
Security Testing,Vulnerability Assessment,Annual penetration testing,Quarterly security assessments with remediation tracking,Continuous security testing with automated remediation,"Is penetration testing performed regularly? Are vulnerabilities tracked and remediated? Is security testing automated?",High,$20000-60000,2-6
Security Testing,Red Team Exercises,Basic security testing scenarios,Comprehensive red team exercises,Continuous adversary simulation,"Are realistic attack scenarios tested? Is detection capability validated? Are security controls tested regularly?",Medium,$30000-100000,6-12

